{"train_loss":7.590317761045129,"_timestamp":1.7400612991707883e+09,"_runtime":467.971550751,"_step":7,"step":601,"val_loss":7.57192737532825,"_wandb":{"runtime":477}}