{"_wandb":{"runtime":224},"step":401,"train_loss":1232.7183456420898,"_timestamp":1.739976342206591e+09,"_runtime":219.986515599,"_step":3}