{"_step":54,"_wandb":{"runtime":3867},"step":16501,"train_loss":6.775329665150558,"_timestamp":1.7401489525950086e+09,"_runtime":3814.598322448}