{"step":101,"train_loss":8.106268424798946,"_timestamp":1.740059567342211e+09,"val_loss":8.30446423088632,"_wandb":{"runtime":120},"_runtime":113.289151019,"_step":1}