{"train_loss":8.106268424798946,"_timestamp":1.7400592197729485e+09,"_runtime":66.87530944,"_step":0,"_wandb":{"runtime":66},"step":101}