{"_wandb":{"runtime":107},"step":101,"train_loss":8.106268424798946,"_timestamp":1.740059349932546e+09,"_runtime":66.95426301,"_step":0}