{"_step":0,"_wandb":{"runtime":75},"step":101,"train_loss":8.106268424798946,"_timestamp":1.7400590379720333e+09,"_runtime":66.95650087}