{"step":4801,"train_loss":6.954796381479401,"_timestamp":1.74015116004953e+09,"_runtime":2011.608751813,"_step":15,"_wandb":{"runtime":2098}}