{"train_loss":7.339481211756961,"_timestamp":1.7400606975387075e+09,"_runtime":1112.475369281,"_step":18,"val_loss":7.334986782073974,"_wandb":{"runtime":1139},"step":1501}